<?xml version="1.0" encoding="UTF-8"?>
<project-private xmlns="http://www.netbeans.org/ns/project-private/1">
    <editor-bookmarks xmlns="http://www.netbeans.org/ns/editor-bookmarks/2" lastBookmarkId="0"/>
    <open-files xmlns="http://www.netbeans.org/ns/projectui-open-files/2">
        <group>
            <file>file:/G:/gam3a/OOP/GYM/GYM/src/gym/Schedule_user.java</file>
            <file>file:/G:/gam3a/OOP/GYM/GYM/src/gym/User_Details.java</file>
            <file>file:/G:/gam3a/OOP/GYM/GYM/src/gym/adminF.java</file>
            <file>file:/G:/gam3a/OOP/GYM/GYM/src/gym/coachF.java</file>
            <file>file:/G:/gam3a/OOP/GYM/GYM/src/gym/userF.java</file>
            <file>file:/G:/gam3a/OOP/GYM/GYM/src/gym/coach_details.java</file>
            <file>file:/G:/gam3a/OOP/GYM/GYM/src/gym/Payments.java</file>
            <file>file:/G:/gam3a/OOP/GYM/GYM/src/gym/admin_Details.java</file>
        </group>
    </open-files>
</project-private>
